﻿<?xml version="1.0" encoding="utf-8"?>
<?xml-stylesheet type="text/xsl" href="c:\program files (x86)\microsoft visual studio\2017\community\team tools\static analysis tools\fxcop\Xml\CodeAnalysisReport.xsl"?>
<FxCopReport Version="15.0">
 <Targets>
  <Target Name="C:\Users\Cosmik\Downloads\Bluetooth-Demo\Win10Win32Bluetooth-master\bin\Release\LegoTrainProject.exe">
   <Modules>
    <Module Name="legotrainproject.exe">
     <Namespaces>
      <Namespace Name="LegoTrainProject">
       <Types>
        <Type Name="Train" Kind="Class" Accessibility="Public" ExternallyVisible="True">
         <Messages>
          <Message TypeName="TypesThatOwnDisposableFieldsShouldBeDisposable" Category="Microsoft.Design" CheckId="CA1001" Status="Active" Created="2018-12-26 12:49:02Z" FixCategory="DependsOnFix">
           <Issue Name="DependsOnFix" Certainty="95" Level="CriticalError">Implement IDisposable on 'Train' because it creates members of the following IDisposable types: 'Timer'. If 'Train' has previously shipped, adding new members that implement IDisposable to this type is considered a breaking change to existing consumers.</Issue>
          </Message>
         </Messages>
         <Members>
          <Member Name="#ColorTriggered" Kind="Event" Static="False" Accessibility="Public" ExternallyVisible="True">
           <Messages>
            <Message TypeName="DeclareEventHandlersCorrectly" Category="Microsoft.Design" CheckId="CA1009" Status="Active" Created="2018-12-26 12:49:02Z" FixCategory="Breaking">
             <Issue Name="First" Certainty="95" Level="Error">Declare the first parameter of 'Train.ColorTriggeredHandler' as an object named 'sender'.</Issue>
             <Issue Name="Second" Certainty="95" Level="Error">Declare the second parameter of 'Train.ColorTriggeredHandler' as an EventArgs, or an instance of a type that extends EventArgs, named 'e'.</Issue>
            </Message>
           </Messages>
          </Member>
         </Members>
        </Type>
        <Type Name="TrainProject" Kind="Class" Accessibility="Assembly" ExternallyVisible="False">
         <Members>
          <Member Name="#Load(System.String)" Kind="Method" Static="True" Accessibility="Public" ExternallyVisible="False">
           <Messages>
            <Message TypeName="Do not dispose objects multiple times" Category="Microsoft.Usage" CheckId="CA2202" Status="Active" Created="2018-12-26 12:49:02Z" FixCategory="DependsOnFix">
             <Issue Certainty="75" Level="Warning" Path="C:\Users\Cosmik\Downloads\Bluetooth-Demo\Win10Win32Bluetooth-master" File="TrainProject.cs" Line="36">Object 'stream' can be disposed more than once in method 'TrainProject.Load(string)'. To avoid generating a System.ObjectDisposedException you should not call Dispose more than one time on an object.: Lines: 36</Issue>
            </Message>
           </Messages>
          </Member>
          <Member Name="#SaveAs(System.String)" Kind="Method" Static="False" Accessibility="Public" ExternallyVisible="False">
           <Messages>
            <Message TypeName="Do not dispose objects multiple times" Category="Microsoft.Usage" CheckId="CA2202" Status="Active" Created="2018-12-26 12:49:02Z" FixCategory="DependsOnFix">
             <Issue Certainty="75" Level="Warning" Path="C:\Users\Cosmik\Downloads\Bluetooth-Demo\Win10Win32Bluetooth-master" File="TrainProject.cs" Line="68">Object 'stream' can be disposed more than once in method 'TrainProject.SaveAs(string)'. To avoid generating a System.ObjectDisposedException you should not call Dispose more than one time on an object.: Lines: 68</Issue>
            </Message>
           </Messages>
          </Member>
         </Members>
        </Type>
       </Types>
      </Namespace>
     </Namespaces>
    </Module>
   </Modules>
  </Target>
 </Targets>
 <Rules>
  <Rule TypeName="DeclareEventHandlersCorrectly" Category="Microsoft.Design" CheckId="CA1009">
   <Name>Declare event handlers correctly</Name>
   <Description>By convention, .NET events have two parameters that specify the event sender and event data. Event handler signatures should follow this form: void MyEventHandler(object sender, EventArgs e). The 'sender' parameter is always of type System.Object, even if it is possible to employ a more specific type. The 'e' parameter is always of type System.EventArgs. Events that do not provide event data should use the System.EventHandler delegate type. Event handlers return void so that they can send each event to multiple target methods. Any value returned by a target would be lost after the first call.</Description>
   <Resolution Name="First">Declare the first parameter of {0} as an object named 'sender'.</Resolution>
   <Resolution Name="Second">Declare the second parameter of {0} as an EventArgs, or an instance of a type that extends EventArgs, named 'e'.</Resolution>
   <Owner />
   <Url>http://msdn.microsoft.com/library/ms182133.aspx</Url>
   <Email>[none]</Email>
   <MessageLevel Certainty="95">Error</MessageLevel>
   <File Name="designrules.dll" Version="15.0.0.0" />
  </Rule>
  <Rule TypeName="Do not dispose objects multiple times" Category="Microsoft.Usage" CheckId="CA2202">
   <Name>Do not dispose objects multiple times</Name>
   <Description>A correctly implemented Dispose method can be called multiple times without throwing an exception. However, this is not guaranteed and to avoid generating a System.ObjectDisposedException you should not call Dispose more than one time on an object.</Description>
   <Resolution Name="Default">Object {0} can be disposed more than once in method {1}. To avoid generating a System.ObjectDisposedException you should not call Dispose more than one time on an object.: Lines: 68</Resolution>
   <Owner>RuleOwner</Owner>
   <Url>http://msdn.microsoft.com/library/ms182334.aspx</Url>
   <Email />
   <MessageLevel Certainty="75">Warning</MessageLevel>
   <File Name="dataflowrules.dll" Version="15.0.0.0" />
  </Rule>
  <Rule TypeName="TypesThatOwnDisposableFieldsShouldBeDisposable" Category="Microsoft.Design" CheckId="CA1001">
   <Name>Types that own disposable fields should be disposable</Name>
   <Description>Types that declare disposable members should also implement IDisposable. If the type does not own any unmanaged resources, do not implement a finalizer on it.</Description>
   <Resolution Name="DependsOnFix">Implement IDisposable on {0} because it creates members of the following IDisposable types: {1}. If {0} has previously shipped, adding new members that implement IDisposable to this type is considered a breaking change to existing consumers.</Resolution>
   <Owner />
   <Url>http://msdn.microsoft.com/library/ms182172.aspx</Url>
   <Email>[none]</Email>
   <MessageLevel Certainty="95">CriticalError</MessageLevel>
   <File Name="designrules.dll" Version="15.0.0.0" />
  </Rule>
 </Rules>
 <Localized>
  <String Key="Category">Category</String>
  <String Key="Certainty">Certainty</String>
  <String Key="CollapseAll">Collapse All</String>
  <String Key="CheckId">Check Id</String>
  <String Key="Error">Error</String>
  <String Key="Errors">error(s)</String>
  <String Key="ExpandAll">Expand All</String>
  <String Key="Help">Help</String>
  <String Key="Line">Line</String>
  <String Key="Messages">message(s)</String>
  <String Key="LocationNotStoredInPdb">[Location not stored in Pdb]</String>
  <String Key="Project">Project</String>
  <String Key="Resolution">Resolution</String>
  <String Key="Rule">Rule</String>
  <String Key="RuleFile">Rule File</String>
  <String Key="RuleDescription">Rule Description</String>
  <String Key="Source">Source</String>
  <String Key="Status">Status</String>
  <String Key="Target">Target</String>
  <String Key="Warning">Warning</String>
  <String Key="Warnings">warning(s)</String>
  <String Key="ReportTitle">Code Analysis Report</String>
 </Localized>
</FxCopReport>
